id,graph_order,acronym,name,color_hex_triplet,parent_structure_id,structure_id_path,annotated,voxel_count,subgraph_annotated,subgraph_voxel_count,volume_mm3,volume_cm3
10329,1587,FI,frontal agranular insular cortex (area FI),C1A68F,10327.0,/10153/10154/10155/10156/10157/10158/10159/10313/10327/10329/,True,296.0,True,296.0,37.0,0.037
10330,1593,TI,temporal agranular insular cortex (area TI),B5967F,10327.0,/10153/10154/10155/10156/10157/10158/10159/10313/10327/10330/,True,1713.0,True,1713.0,214.125,0.214125
10307,1732,OB,olfactory bulb,D1CEE2,10306.0,/10153/10154/10155/10156/10157/10158/10159/10292/10306/10307/,True,844.0,True,844.0,105.5,0.1055
10308,1739,AON,anterior olfactory nucleus,AA9DC6,10306.0,/10153/10154/10155/10156/10157/10158/10159/10292/10306/10308/,True,1223.0,True,1223.0,152.875,0.152875
10311,1751,Pir,piriform cortex,AA9DC6,10306.0,/10153/10154/10155/10156/10157/10158/10159/10292/10306/10311/,True,1588.0,True,1588.0,198.5,0.1985
10361,1760,AMY,amygdaloid complex,C9E2B1,10331.0,/10153/10154/10155/10156/10157/10158/10331/10361/,True,3754.0,True,17919.0,2239.875,2.239875
10362,1761,AAA,anterior amygdaloid area,C0DD9D,10361.0,/10153/10154/10155/10156/10157/10158/10331/10361/10362/,True,925.0,True,925.0,115.625,0.115625
10363,1764,CEN,central nuclear group,AFD58A,10361.0,/10153/10154/10155/10156/10157/10158/10331/10361/10363/,True,595.0,True,595.0,74.375,0.074375
10374,1775,CoA,anterior cortical nucleus,89BA46,10373.0,/10153/10154/10155/10156/10157/10158/10331/10361/10372/10373/10374/,True,1536.0,True,1536.0,192.0,0.192
10375,1779,CoP,posterior cortical nucleus,92C851,10373.0,/10153/10154/10155/10156/10157/10158/10331/10361/10372/10373/10375/,True,580.0,True,580.0,72.5,0.0725
10376,1783,Me,medial nucleus,9CCC66,10372.0,/10153/10154/10155/10156/10157/10158/10331/10361/10372/10376/,True,422.0,True,422.0,52.75,0.05275
10377,1789,AHA,amygdalohippocampal area,89BA46,10372.0,/10153/10154/10155/10156/10157/10158/10331/10361/10372/10377/,True,481.0,True,481.0,60.125,0.060125
10367,1794,La,lateral nucleus,A6D17A,10366.0,/10153/10154/10155/10156/10157/10158/10331/10361/10366/10367/,True,4600.0,True,4600.0,575.0,0.5750000000000001
10368,1805,BL,basolateral nucleus (basal nucleus),89BA46,10366.0,/10153/10154/10155/10156/10157/10158/10331/10361/10366/10368/,True,3842.0,True,3842.0,480.25,0.48025
10369,1812,BM,basomedial nucleus (accessory basal nucleus),9CCC66,10366.0,/10153/10154/10155/10156/10157/10158/10331/10361/10366/10369/,True,1184.0,True,1184.0,148.0,0.148
10384,1834,BNST,bed nucleus of stria terminalis,A9D7AE,10383.0,/10153/10154/10155/10156/10157/10158/10331/10383/10384/,True,3120.0,True,3120.0,390.0,0.39
10335,1862,CaH,head of caudate,91A06E,10334.0,/10153/10154/10155/10156/10157/10158/10331/10332/10333/10334/10335/,True,28911.0,True,28911.0,3613.875,3.613875
10336,1866,CaB,body of caudate,99A677,10334.0,/10153/10154/10155/10156/10157/10158/10331/10332/10333/10334/10336/,True,12301.0,True,12301.0,1537.625,1.537625
10337,1867,CaT,tail of caudate,91A06E,10334.0,/10153/10154/10155/10156/10157/10158/10331/10332/10333/10334/10337/,True,2589.0,True,2589.0,323.625,0.323625
10338,1870,Pu,putamen,A8B485,10333.0,/10153/10154/10155/10156/10157/10158/10331/10332/10333/10338/,True,51512.0,True,53418.0,6677.25,6.67725
146034754,1877,PuPV,posteroventral putamen,A8B485,10338.0,/10153/10154/10155/10156/10157/10158/10331/10332/10333/10338/146034754/,True,1906.0,True,1906.0,238.25,0.23825
10339,1879,NAC,nucleus accumbens,91A06E,10333.0,/10153/10154/10155/10156/10157/10158/10331/10332/10333/10339/,True,5210.0,True,5210.0,651.25,0.65125
10343,1888,GPe,external segment of globus pallidus,D7E0BF,10342.0,/10153/10154/10155/10156/10157/10158/10331/10332/10342/10343/,True,7354.0,True,7354.0,919.25,0.91925
10344,1889,GPi,internal segment of globus pallidus,D0D9B2,10342.0,/10153/10154/10155/10156/10157/10158/10331/10332/10342/10344/,True,4453.0,True,4453.0,556.625,0.556625
10346,1894,Cla,claustrum,AADBCE,10331.0,/10153/10154/10155/10156/10157/10158/10331/10346/,True,12696.0,True,12696.0,1587.0,1.587
10349,1898,BF,basal forebrain,DDDDAF,10331.0,/10153/10154/10155/10156/10157/10158/10331/10349/,True,6476.0,True,9452.0,1181.5,1.1815
10350,1899,SEP,septal nuclei,CACA92,10349.0,/10153/10154/10155/10156/10157/10158/10331/10349/10350/,True,2976.0,True,2976.0,372.0,0.372
10390,1926,THM,thalamus,E4CCE3,10389.0,/10153/10154/10155/10156/10157/10389/10390/,True,24556.0,True,87969.0,10996.125,10.996125
10392,1928,ANC,anterior nuclear complex of thalamus,BF89BC,10391.0,/10153/10154/10155/10156/10157/10389/10390/10391/10392/,True,1681.0,True,2776.0,347.0,0.347
10396,1932,LD,lateral dorsal nucleus of thalamus,B67BB4,10392.0,/10153/10154/10155/10156/10157/10389/10390/10391/10392/10396/,True,1095.0,True,1095.0,136.875,0.136875
10398,1934,MD,mediodorsal nucleus of thalamus,B067A9,10397.0,/10153/10154/10155/10156/10157/10389/10390/10391/10397/10398/,True,8860.0,True,8860.0,1107.5,1.1075
10403,1941,Re,reuniens nucleus (medioventral nucleus) of thalamus,95498A,10397.0,/10153/10154/10155/10156/10157/10389/10390/10391/10397/10403/,True,1058.0,True,1058.0,132.25,0.13225
10408,1945,LP,lateral posterior nucleus of thalamus,B067A9,10407.0,/10153/10154/10155/10156/10157/10389/10390/10391/10406/10407/10408/,True,3521.0,True,3521.0,440.125,0.440125
10409,1946,Pul,pulvinar of thalamus,B067A9,10407.0,/10153/10154/10155/10156/10157/10389/10390/10391/10406/10407/10409/,True,13454.0,True,13454.0,1681.75,1.68175
10417,1954,VA,ventral anterior nucleus of thalamus,A554A0,10416.0,/10153/10154/10155/10156/10157/10389/10390/10391/10406/10416/10417/,True,8556.0,True,8556.0,1069.5,1.0695
10420,1957,VL,ventral lateral nucleus of thalamus,B067A9,10416.0,/10153/10154/10155/10156/10157/10389/10390/10391/10406/10416/10420/,True,7841.0,True,7841.0,980.125,0.980125
10424,1964,VPL,ventral posterior lateral nucleus,9E4C94,10423.0,/10153/10154/10155/10156/10157/10389/10390/10391/10406/10416/10423/10424/,True,5280.0,True,5280.0,660.0,0.66
10425,1967,VPM,ventral posterior medial nucleus,9E4C94,10423.0,/10153/10154/10155/10156/10157/10389/10390/10391/10406/10416/10423/10425/,True,1016.0,True,1016.0,127.0,0.127
10430,1974,DLG,dorsal lateral geniculate nucleus,8C4685,10429.0,/10153/10154/10155/10156/10157/10389/10390/10391/10428/10429/10430/,True,1213.0,True,1213.0,151.625,0.151625
10434,1986,MG,medial geniculate nuclei,B67BB4,10428.0,/10153/10154/10155/10156/10157/10389/10390/10391/10428/10434/,True,838.0,True,838.0,104.75,0.10475
10449,2008,CM,centromedian nucleus of thalamus,B67BB4,10448.0,/10153/10154/10155/10156/10157/10389/10390/10391/10442/10448/10449/,True,2076.0,True,2076.0,259.5,0.2595
10450,2011,Pf,parafascicular nucleus of thalamus,B067A9,10448.0,/10153/10154/10155/10156/10157/10389/10390/10391/10442/10448/10450/,True,792.0,True,792.0,99.0,0.099
13045,2017,MiN,midline nuclear complex,A554A0,10391.0,/10153/10154/10155/10156/10157/10389/10390/10391/13045/,True,2788.0,True,2788.0,348.5,0.3485
10452,2023,HN,habenular nuclei,B67BB4,10451.0,/10153/10154/10155/10156/10157/10389/10390/10451/10452/,True,591.0,True,591.0,73.875,0.073875
10460,2031,Pin,pineal body,773671,10451.0,/10153/10154/10155/10156/10157/10389/10390/10451/10460/,True,495.0,True,495.0,61.875,0.061875
10463,2034,ZI,zona incerta,B067A9,10461.0,/10153/10154/10155/10156/10157/10389/10390/10461/10463/,True,2258.0,True,2258.0,282.25,0.28225
10466,2043,STH,subthalamic nucleus,B799C4,10465.0,/10153/10154/10155/10156/10157/10389/10465/10466/,True,1367.0,True,1367.0,170.875,0.170875
10467,2047,HTH,hypothalamus,E4C9D9,10389.0,/10153/10154/10155/10156/10157/10389/10467/,True,503.0,True,10434.0,1304.25,1.30425
10468,2048,HTHpo,preoptic region of HTH,DBABC8,10467.0,/10153/10154/10155/10156/10157/10389/10467/10468/,True,1221.0,True,1221.0,152.625,0.152625
10473,2058,HTHso,supraoptic region of HTH,CF97B9,10467.0,/10153/10154/10155/10156/10157/10389/10467/10473/,True,1689.0,True,1689.0,211.125,0.211125
10483,2078,HTHtub,tuberal region of HTH,DBABC8,10467.0,/10153/10154/10155/10156/10157/10389/10467/10483/,True,3890.0,True,3890.0,486.25,0.48625
10495,2100,HTHma,mammillary region of HTH,C484A9,10467.0,/10153/10154/10155/10156/10157/10389/10467/10495/,True,3131.0,True,3131.0,391.375,0.391375
10557,2116,FWM,white matter of forebrain,F2F1F0,10156.0,/10153/10154/10155/10156/10557/,True,2089673.0,True,2207402.0,275925.25,275.92525
10559,2118,ac,anterior commissure,F2F1F0,10558.0,/10153/10154/10155/10156/10557/10558/10559/,True,1908.0,True,1908.0,238.5,0.2385
10561,2119,cc,corpus callosum,F2F1F0,10558.0,/10153/10154/10155/10156/10557/10558/10561/,True,88762.0,True,88762.0,11095.25,11.09525
10576,2166,fx,fornix,F2F1F0,10568.0,/10153/10154/10155/10156/10557/10568/10576/,True,4410.0,True,4410.0,551.25,0.55125
10586,2204,mtt,mammillothalamic tract,F2F1F0,10568.0,/10153/10154/10155/10156/10557/10568/10586/,True,504.0,True,504.0,63.0,0.063
12073,2215,olt,olfactory tract,F2F1F0,10568.0,/10153/10154/10155/10156/10557/10568/12073/,True,560.0,True,560.0,70.0,0.07
266441621,2221,or,optic radiation,F2F1F0,10568.0,/10153/10154/10155/10156/10557/10568/266441621/,True,19778.0,True,19778.0,2472.25,2.47225
10589,2222,ot,optic tract,F2F1F0,10568.0,/10153/10154/10155/10156/10557/10568/10589/,True,1807.0,True,1807.0,225.875,0.225875
10597,2258,aLV,anterior horn of lateral ventricle,231F20,10596.0,/10153/10154/10155/10156/10595/10596/10597/,True,42045.0,True,42045.0,5255.625,5.255625
10598,2259,bLV,body of lateral ventricle,231F20,10596.0,/10153/10154/10155/10156/10595/10596/10598/,True,32071.0,True,32071.0,4008.875,4.008875
266441657,2260,xLV,atrium of lateral ventricle,231F20,10596.0,/10153/10154/10155/10156/10595/10596/266441657/,True,16968.0,True,16968.0,2121.0,2.121
10599,2261,pLV,posterior horn of lateral ventricle,231F20,10596.0,/10153/10154/10155/10156/10595/10596/10599/,True,2398.0,True,2398.0,299.75,0.29975
10600,2262,iLV,inferior horn of lateral ventricle,231F20,10596.0,/10153/10154/10155/10156/10595/10596/10600/,True,8975.0,True,8975.0,1121.875,1.121875
10602,2264,3V,third ventricle,231F20,10595.0,/10153/10154/10155/10156/10595/10602/,True,5673.0,True,5673.0,709.125,0.709125
12114,2353,PrCG,precentral gyrus,EDCF37,12113.0,/10153/10154/10155/10156/10609/12112/12113/12114/,True,181294.0,True,181294.0,22661.75,22.66175
12115,2354,SFG,superior frontal gyrus,D4B235,12113.0,/10153/10154/10155/10156/10609/12112/12113/12115/,True,292178.0,True,292178.0,36522.25,36.52225
12116,2355,MFG,middle frontal gyrus,D4B235,12113.0,/10153/10154/10155/10156/10609/12112/12113/12116/,True,242416.0,True,242416.0,30302.0,30.302
12118,2357,IFGtr,"inferior frontal gyrus, triangular part",C2A335,12117.0,/10153/10154/10155/10156/10609/12112/12113/12117/12118/,True,68305.0,True,68305.0,8538.125,8.538125
12119,2358,IFGop,"inferior frontal gyrus, opercular part",C2A335,12117.0,/10153/10154/10155/10156/10609/12112/12113/12117/12119/,True,51936.0,True,51936.0,6492.0,6.492
12121,2360,ReG,gyrus rectus (straight gyrus),B8A26D,12113.0,/10153/10154/10155/10156/10609/12112/12113/12121/,True,31549.0,True,31549.0,3943.625,3.943625
12122,2361,MOrG,medial orbital gyrus,CAB781,12113.0,/10153/10154/10155/10156/10609/12112/12113/12122/,True,34333.0,True,34333.0,4291.625,4.291625
12123,2362,AOrG,anterior intermediate orbital gyrus,CAB781,12113.0,/10153/10154/10155/10156/10609/12112/12113/12123/,True,26156.0,True,26156.0,3269.5,3.2695
12124,2363,POrG,posterior intermediate orbital gyrus,CAB781,12113.0,/10153/10154/10155/10156/10609/12112/12113/12124/,True,33022.0,True,33022.0,4127.75,4.12775
12125,2364,LOrG,lateral orbital gyrus,AB9158,12113.0,/10153/10154/10155/10156/10609/12112/12113/12125/,True,46757.0,True,46757.0,5844.625,5.844625
12126,2365,PCLr,"paracentral lobule, rostral part",EDCF37,12113.0,/10153/10154/10155/10156/10609/12112/12113/12126/,True,37100.0,True,37100.0,4637.5,4.6375
146034872,2366,PaCG,paracingulate gyrus,EAA6AF,12113.0,/10153/10154/10155/10156/10609/12112/12113/146034872/,True,96484.0,True,96484.0,12060.5,12.0605
12127,2367,FrO,frontal operculum,C2A335,12113.0,/10153/10154/10155/10156/10609/12112/12113/12127/,True,15982.0,True,15982.0,1997.75,1.99775
146034876,2369,RoG,rostral gyrus,B8A26D,12113.0,/10153/10154/10155/10156/10609/12112/12113/146034876/,True,17123.0,True,17123.0,2140.375,2.140375
13229,2372,LOG,lateral olfactory gyrus,AA9DC6,12113.0,/10153/10154/10155/10156/10609/12112/12113/13229/,True,1861.0,True,1861.0,232.625,0.232625
146034884,2373,FMG,frontomarginal gyrus,EECF38,12113.0,/10153/10154/10155/10156/10609/12112/12113/146034884/,True,31962.0,True,31962.0,3995.25,3.99525
146034888,2374,FP,frontal pole,EAD180,12113.0,/10153/10154/10155/10156/10609/12112/12113/146034888/,True,47084.0,True,47084.0,5885.5,5.8855
12132,2376,PoCG,postcentral gyrus,EC813B,12131.0,/10153/10154/10155/10156/10609/12112/12131/12132/,True,146897.0,True,146897.0,18362.125,18.362125
12133,2377,SPL,supraparietal lobule,E49C33,12131.0,/10153/10154/10155/10156/10609/12112/12131/12133/,True,143194.0,True,143194.0,17899.25,17.899250000000002
12135,2379,SMG,supramarginal gyrus,D38E32,12134.0,/10153/10154/10155/10156/10609/12112/12131/12134/12135/,True,136260.0,True,136260.0,17032.5,17.0325
12136,2380,AnG,angular gyrus,D38E32,12134.0,/10153/10154/10155/10156/10609/12112/12131/12134/12136/,True,145906.0,True,145906.0,18238.25,18.23825
12137,2381,PrCun,precuneus,E49C33,12131.0,/10153/10154/10155/10156/10609/12112/12131/12137/,True,157220.0,True,157220.0,19652.5,19.6525
12138,2382,PCLc,"paracentral lobule, caudal part",E49C33,12131.0,/10153/10154/10155/10156/10609/12112/12131/12138/,True,22378.0,True,22378.0,2797.25,2.79725
13230,2383,PaO,parietal operculum,E8AF66,12131.0,/10153/10154/10155/10156/10609/12112/12131/13230/,True,43319.0,True,43319.0,5414.875,5.414875
12140,2385,STG,superior temporal gyrus,D670A0,12139.0,/10153/10154/10155/10156/10609/12112/12139/12140/,True,113003.0,True,113003.0,14125.375,14.125375
12141,2386,MTG,middle temporal gyrus,D55C92,12139.0,/10153/10154/10155/10156/10609/12112/12139/12141/,True,207704.0,True,207704.0,25963.0,25.963
12142,2387,ITG,inferior temporal gyrus,D55C92,12139.0,/10153/10154/10155/10156/10609/12112/12139/12142/,True,131387.0,True,131387.0,16423.375,16.423375
12143,2388,FuGt,"occipitotemporal (fusiform) gyrus, temporal part",D55C92,12139.0,/10153/10154/10155/10156/10609/12112/12139/12143/,True,77289.0,True,141789.0,17723.625,17.723625000000002
146034892,2389,PRG,perirhinal gyrus ( rostral part of FuGt),D55C92,12143.0,/10153/10154/10155/10156/10609/12112/12139/12143/146034892/,True,64500.0,True,64500.0,8062.5,8.0625
12144,2390,TTG,transverse temporal gyrus (Heschl's gyrus),D670A0,12139.0,/10153/10154/10155/10156/10609/12112/12139/12144/,True,21597.0,True,21597.0,2699.625,2.699625
12145,2393,PLT,planum temporale,D670A0,12139.0,/10153/10154/10155/10156/10609/12112/12139/12145/,True,24183.0,True,24183.0,3022.875,3.022875
12146,2394,TP,temporal pole,C8538B,12139.0,/10153/10154/10155/10156/10609/12112/12139/12146/,True,41800.0,True,41800.0,5225.0,5.2250000000000005
12147,2396,PLP,planum polare,D670A0,12139.0,/10153/10154/10155/10156/10609/12112/12139/12147/,True,29378.0,True,29378.0,3672.25,3.67225
12149,2398,OP,occipital pole,C13331,12148.0,/10153/10154/10155/10156/10609/12112/12148/12149/,True,23534.0,True,23534.0,2941.75,2.94175
12150,2401,Cun,cuneus,C13331,12148.0,/10153/10154/10155/10156/10609/12112/12148/12150/,True,85818.0,True,85818.0,10727.25,10.72725
12151,2402,LiG,lingual gyrus,C13331,12148.0,/10153/10154/10155/10156/10609/12112/12148/12151/,True,132478.0,True,132478.0,16559.75,16.55975
12152,2403,FuGo,"occipitotemporal (fusiform) gyrus, occipital part",D14D46,12148.0,/10153/10154/10155/10156/10609/12112/12148/12152/,True,23812.0,True,23812.0,2976.5,2.9765
12153,2404,IOG,inferior occipital gyrus,D14D46,12148.0,/10153/10154/10155/10156/10609/12112/12148/12153/,True,109765.0,True,109765.0,13720.625,13.720625
12154,2405,SOG,superior occipital gyrus,D14D46,12148.0,/10153/10154/10155/10156/10609/12112/12148/12154/,True,118525.0,True,118525.0,14815.625,14.815625
12177,2407,LIG,long insular gyri,C45539,12176.0,/10153/10154/10155/10156/10609/12112/12176/12177/,True,26945.0,True,26945.0,3368.125,3.368125
12178,2408,SIG,short insular gyri,D16146,12176.0,/10153/10154/10155/10156/10609/12112/12176/12178/,True,52628.0,True,52628.0,6578.5,6.5785
12157,2411,CgGr,"cingulate gyrus, rostral (anterior) part",E26880,12156.0,/10153/10154/10155/10156/10609/12112/12155/12156/12157/,True,67086.0,True,67086.0,8385.75,8.38575
12158,2412,CgGc,"cingulate gyrus, caudal (posterior) part",DF4F72,12156.0,/10153/10154/10155/10156/10609/12112/12155/12156/12158/,True,80813.0,True,80813.0,10101.625,10.101625
12159,2414,IsCPH,cingulo-parahippocampal isthmus,C4AD9A,12155.0,/10153/10154/10155/10156/10609/12112/12155/12159/,True,3478.0,True,3478.0,434.75,0.43475
12160,2415,SCG,subcallosal gyrus (parolfactory gyrus),E26880,12155.0,/10153/10154/10155/10156/10609/12112/12155/12160/,True,6568.0,True,6568.0,821.0,0.8210000000000001
12163,2418,APH,anterior parahippocampal gyrus,D2BFB2,12162.0,/10153/10154/10155/10156/10609/12112/12155/12162/12163/,True,22236.0,True,22236.0,2779.5,2.7795
12164,2419,PPH,posterior parahippocampal gyrus,C15184,12162.0,/10153/10154/10155/10156/10609/12112/12155/12162/12164/,True,15523.0,True,15523.0,1940.375,1.940375
12166,2421,AG,ambiens gyrus,D2BFB2,12165.0,/10153/10154/10155/10156/10609/12112/12155/12162/12165/12166/,True,2039.0,True,2039.0,254.875,0.254875
12171,2426,HiH,head of hippocampus,AA9DC6,12170.0,/10153/10154/10155/10156/10609/12112/12155/12170/12171/,True,14932.0,True,14932.0,1866.5,1.8665
12173,2428,HiB,body of hippocampus,AA9DC6,12170.0,/10153/10154/10155/10156/10609/12112/12155/12170/12173/,True,8904.0,True,8904.0,1113.0,1.113
12174,2429,HiT,tail of hippocampus,AA9DC6,12170.0,/10153/10154/10155/10156/10609/12112/12155/12170/12174/,True,9342.0,True,9342.0,1167.75,1.16775
12179,2437,LI,limen insula,D0D0D1,10609.0,/10153/10154/10155/10156/10609/12179/,True,635.0,True,635.0,79.375,0.079375
12181,2461,PTR,pretectal region,A0C7D5,10649.0,/10153/10154/10155/10648/10649/12181/,True,1467.0,True,1467.0,183.375,0.183375
12195,2474,MTg,midbrain tegmentum,5298AE,10649.0,/10153/10154/10155/10648/10649/12195/,True,20997.0,True,27094.0,3386.75,3.38675
12247,2528,RN,red nucleus,6CA9BF,12195.0,/10153/10154/10155/10648/10649/12195/12247/,True,3535.0,True,3535.0,441.875,0.441875
12251,2532,SN,substantia nigra,6CA9BF,12195.0,/10153/10154/10155/10648/10649/12195/12251/,True,2562.0,True,2562.0,320.25,0.32025
12292,2574,SC,superior colliculus,7EB3C9,12291.0,/10153/10154/10155/10648/10649/12291/12292/,True,2502.0,True,2502.0,312.75,0.31275
12305,2587,IC,inferior colliculus,7EB3C9,12291.0,/10153/10154/10155/10648/10649/12291/12305/,True,2712.0,True,2712.0,339.0,0.339
12330,2616,cpd,cerebral peduncle (crus cerebri),F2F1F0,10650.0,/10153/10154/10155/10648/10650/12330/,True,10833.0,True,10833.0,1354.125,1.354125
12354,2644,scp,superior cerebellar peduncle (brachium conjunctivum),F2F1F0,10650.0,/10153/10154/10155/10648/10650/12354/,True,2338.0,True,2338.0,292.25,0.29225
12369,2660,Aq,cerebral aqueduct,231F20,10651.0,/10153/10154/10155/10648/10651/12369/,True,974.0,True,974.0,121.75,0.12175
10658,2677,CBV,cerebellar vermis,76A2D5,10657.0,/10153/10154/10155/10653/10654/10655/10656/10657/10658/,True,47241.0,True,47241.0,5905.125,5.905125
12384,2696,CBPV,paravermis of cerebellum,4A8ECC,10659.0,/10153/10154/10155/10653/10654/10655/10656/10657/10659/12384/,True,146642.0,True,146642.0,18330.25,18.33025
12390,2714,CBL,lateral hemisphere of cerebellum,4A8ECC,10659.0,/10153/10154/10155/10653/10654/10655/10656/10657/10659/12390/,True,355760.0,True,355760.0,44470.0,44.47
10660,2732,CbDN,cerebellar deep nuclei,3E80BA,10656.0,/10153/10154/10155/10653/10654/10655/10656/10660/,True,8356.0,True,8356.0,1044.5,1.0445
12405,2744,PnBa,basilar part of pons,7893C7,10661.0,/10153/10154/10155/10653/10654/10655/10661/12405/,True,51784.0,True,51784.0,6473.0,6.473
12416,2754,PnTg,pontine tegmentum,6586BF,10661.0,/10153/10154/10155/10653/10654/10655/10661/12416/,True,20477.0,True,20477.0,2559.625,2.559625
12535,2881,MoPy,pyramidal part of medulla oblongata,979ECB,10662.0,/10153/10154/10155/10653/10654/10662/12535/,True,1516.0,True,1516.0,189.5,0.1895
12538,2884,MoTg,tegmentum of medulla oblongata,838BC1,10662.0,/10153/10154/10155/10653/10654/10662/12538/,True,19471.0,True,21388.0,2673.5,2.6735
12600,2948,IO,inferior olive,3E4D89,12595.0,/10153/10154/10155/10653/10654/10662/12538/12595/12600/,True,1917.0,True,1917.0,239.625,0.239625
10668,3123,HWM,white matter of hindbrain,F2F1F0,10653.0,/10153/10154/10155/10653/10668/,True,128984.0,True,141481.0,17685.125,17.685125
12741,3139,icp,inferior cerebellar peduncle,F2F1F0,10668.0,/10153/10154/10155/10653/10668/12741/,True,1592.0,True,1592.0,199.0,0.199
12768,3166,mcp,middle cerebellar peduncle,F2F1F0,10668.0,/10153/10154/10155/10653/10668/12768/,True,10905.0,True,10905.0,1363.125,1.363125
12805,3206,4V,fourth ventricle,231F20,10669.0,/10153/10154/10155/10653/10669/12805/,True,11454.0,True,11454.0,1431.75,1.43175
12826,3210,cec,central canal of medulla oblongata,231F20,10669.0,/10153/10154/10155/10653/10669/12826/,True,175.0,True,175.0,21.875,0.021875
